SMA_Period,PortfolioMeanReturn
200,0.07013396072965963
150,0.06967941177121098
20,0.06928650047757574
100,0.06863759206632145
50,0.0670713425451254
